{
	"pages": [ //pages数组中第一项表示应用启动页，参考：https://uniapp.dcloud.io/collocation/pages
		{
			"path": "pages/index/index",
			"style": {
				"navigationBarTitleText": "首页"
			}
		},{
			"path": "pages/buglist/buglist",
			"style": {
				"navigationBarTitleText": "张♥页"
			}
		},{
			"path": "pages/shop/shop",
			"style": {
				"navigationBarTitleText": "第三个页面"
			}
		}
	],
	"tabBar": {
		"color": "#7A7E83",
		"selectedColor": "#3cc51f",
		"borderStyle": "black",
		"list": [{
				"pagePath": "pages/index/index",
	
				"text": "首页"
			},
			{
				"pagePath": "pages/buglist/buglist",
	
				"text": "张♥页"
			},
			{
				"pagePath": "pages/shop/shop",
	
				"text": "第三个页面"
			}
		]
	},
	"globalStyle": {
		"navigationBarTextStyle": "black",
		"navigationBarTitleText": "uni-app",
		"navigationBarBackgroundColor": "#F8F8F8",
		"backgroundColor": "#F8F8F8"
	}
}
